src_file,tgt_file,Src_points,Tgt-points,noise_offest,noise_stdv,x_o,y_o,z_o,keypoint_method,Red,Green,Blue,Jetstatus,Stacked_height_threshold,min_scale_SIFT,nr_octaves_SIFT,nr_scales_per_octave_SIFT,min_contrast_SIFT,set_radius_harris,set_radius_search_harris,HarrisRosponseMethod,___,comp_time[s],keypoints_1_inOverlap,keypoints_2_inOverlap,Total_Keypoints_1,Total_Keypoints_2,keypoint_Overlap_cnt,keypoint_Overlaparea_fit_cnt,overlap_rate_1,overlap_rate_2,total_overlap_rate_1,total_overlap_rate_2
../../data/cloud_overlap_1.pcd,../../data/cloud_overlap_1.pcd,21309,21309,0,0.1,0,0,0,SWIFT,0,0,0,2,30,0.1,6,8,0.5,1.7,1.7,LOWE,___,7,3202,4319,3206,4322,3321,3220,1.00562,0.745543,1.03587,0.768394
../../data/cloud_overlap_1.pcd,../../data/cloud_overlap_1.pcd,21309,21309,0,0.1,0,0,0,SWIFT,0,0,0,2,30,0.1,6,8,0.7,1.7,1.7,LOWE,___,6,1753,2793,1757,2793,1880,1880,1.07245,0.673111,1.07001,0.673111
../../data/cloud_overlap_1.pcd,../../data/cloud_overlap_1.pcd,21309,21309,0,0.1,0,0,0,SWIFT,0,0,0,2,30,0.1,6,8,0.3,1.7,1.7,LOWE,___,6,4867,5597,4871,5599,4546,4483,0.921101,0.800965,0.933279,0.811931
../../data/cloud_overlap_1.pcd,../../data/cloud_overlap_1.pcd,21309,21309,0,0.1,0,0,0,SWIFT,0,0,0,2,30,0.1,6,9,0.5,1.7,1.7,LOWE,___,7,3227,4498,3230,4502,3619,3613,1.11962,0.803246,1.12043,0.803865
../../data/cloud_overlap_1.pcd,../../data/cloud_overlap_1.pcd,21309,21309,0,0.1,0,0,0,SWIFT,0,0,0,2,30,0.1,6,9,0.7,1.7,1.7,LOWE,___,7,1580,2563,1583,2565,1843,1768,1.11899,0.689817,1.16425,0.718519
../../data/cloud_overlap_1.pcd,../../data/cloud_overlap_1.pcd,21309,21309,0,0.1,0,0,0,SWIFT,0,0,0,2,30,0.1,6,9,0.3,1.7,1.7,LOWE,___,7,5377,6349,5380,6352,5818,5640,1.04891,0.888329,1.08141,0.915932
../../data/cloud_overlap_1.pcd,../../data/cloud_overlap_1.pcd,21309,21309,0,0.1,0,0,0,SWIFT,0,0,0,2,30,0.1,7,8,0.5,1.7,1.7,LOWE,___,8,3270,4379,3274,4385,3212,3114,0.952294,0.711121,0.981063,0.732497
../../data/cloud_overlap_1.pcd,../../data/cloud_overlap_1.pcd,21309,21309,0,0.1,0,0,0,SWIFT,0,0,0,2,30,0.1,7,8,0.7,1.7,1.7,LOWE,___,7,1821,2883,1825,2886,1845,1839,1.00988,0.637877,1.01096,0.639293
../../data/cloud_overlap_1.pcd,../../data/cloud_overlap_1.pcd,21309,21309,0,0.1,0,0,0,SWIFT,0,0,0,2,30,0.1,7,8,0.3,1.7,1.7,LOWE,___,7,4935,5510,4939,5512,4507,4437,0.899088,0.805263,0.912533,0.817671
../../data/cloud_overlap_1.pcd,../../data/cloud_overlap_1.pcd,21309,21309,0,0.1,0,0,0,SWIFT,0,0,0,2,30,0.1,7,9,0.5,1.7,1.7,LOWE,___,7,3300,4664,3303,4664,3772,3772,1.14303,0.808748,1.14199,0.808748
../../data/cloud_overlap_1.pcd,../../data/cloud_overlap_1.pcd,21309,21309,0,0.1,0,0,0,SWIFT,0,0,0,2,30,0.1,7,9,0.7,1.7,1.7,LOWE,___,7,1653,2621,1656,2624,1761,1757,1.06292,0.670355,1.06341,0.671113
../../data/cloud_overlap_1.pcd,../../data/cloud_overlap_1.pcd,21309,21309,0,0.1,0,0,0,SWIFT,0,0,0,2,30,0.1,7,9,0.3,1.7,1.7,LOWE,___,7,5450,6516,5453,6520,5944,5647,1.03615,0.866636,1.09004,0.911656
../../data/cloud_overlap_1.pcd,../../data/cloud_overlap_1.pcd,21309,21309,0,0.1,0,0,0,SWIFT,0,0,0,2,30,0.25,6,8,0.5,1.7,1.7,LOWE,___,6,3222,4276,3224,4278,3237,3008,0.933582,0.703461,1.00403,0.756662
../../data/cloud_overlap_1.pcd,../../data/cloud_overlap_1.pcd,21309,21309,0,0.1,0,0,0,SWIFT,0,0,0,2,30,0.25,6,8,0.7,1.7,1.7,LOWE,___,5,1735,2736,1737,2739,1766,1761,1.01499,0.64364,1.0167,0.644761
../../data/cloud_overlap_1.pcd,../../data/cloud_overlap_1.pcd,21309,21309,0,0.1,0,0,0,SWIFT,0,0,0,2,30,0.25,6,8,0.3,1.7,1.7,LOWE,___,5,4803,5377,4805,5379,4620,4619,0.961691,0.859029,0.961498,0.858896
../../data/cloud_overlap_1.pcd,../../data/cloud_overlap_1.pcd,21309,21309,0,0.1,0,0,0,SWIFT,0,0,0,2,30,0.25,6,9,0.5,1.7,1.7,LOWE,___,6,3346,4534,3350,4537,3754,3680,1.09982,0.811645,1.1206,0.827419
../../data/cloud_overlap_1.pcd,../../data/cloud_overlap_1.pcd,21309,21309,0,0.1,0,0,0,SWIFT,0,0,0,2,30,0.25,6,9,0.7,1.7,1.7,LOWE,___,6,1684,2672,1688,2677,1776,1532,0.909739,0.573353,1.05213,0.663429
../../data/cloud_overlap_1.pcd,../../data/cloud_overlap_1.pcd,21309,21309,0,0.1,0,0,0,SWIFT,0,0,0,2,30,0.25,6,9,0.3,1.7,1.7,LOWE,___,6,5464,6311,5468,6311,5893,5684,1.04026,0.90065,1.07772,0.933766
../../data/cloud_overlap_1.pcd,../../data/cloud_overlap_1.pcd,21309,21309,0,0.1,0,0,0,SWIFT,0,0,0,2,30,0.25,7,8,0.5,1.7,1.7,LOWE,___,6,3228,4310,3230,4314,3427,3416,1.05824,0.792575,1.06099,0.79439
../../data/cloud_overlap_1.pcd,../../data/cloud_overlap_1.pcd,21309,21309,0,0.1,0,0,0,SWIFT,0,0,0,2,30,0.25,7,8,0.7,1.7,1.7,LOWE,___,5,1741,2769,1743,2775,1693,1627,0.93452,0.587577,0.971314,0.61009
../../data/cloud_overlap_1.pcd,../../data/cloud_overlap_1.pcd,21309,21309,0,0.1,0,0,0,SWIFT,0,0,0,2,30,0.25,7,8,0.3,1.7,1.7,LOWE,___,5,4809,5438,4811,5440,4715,4569,0.950094,0.840199,0.980046,0.866728
../../data/cloud_overlap_1.pcd,../../data/cloud_overlap_1.pcd,21309,21309,0,0.1,0,0,0,SWIFT,0,0,0,2,30,0.25,7,9,0.5,1.7,1.7,LOWE,___,6,3355,4656,3359,4659,3823,3816,1.13741,0.819588,1.13814,0.820562
../../data/cloud_overlap_1.pcd,../../data/cloud_overlap_1.pcd,21309,21309,0,0.1,0,0,0,SWIFT,0,0,0,2,30,0.25,7,9,0.7,1.7,1.7,LOWE,___,6,1693,2674,1697,2677,1957,1778,1.05021,0.664921,1.15321,0.731042
../../data/cloud_overlap_1.pcd,../../data/cloud_overlap_1.pcd,21309,21309,0,0.1,0,0,0,SWIFT,0,0,0,2,30,0.25,7,9,0.3,1.7,1.7,LOWE,___,7,5473,6274,5477,6276,6030,5840,1.06706,0.930826,1.10097,0.960803
../../data/cloud_overlap_1.pcd,../../data/cloud_overlap_1.pcd,21309,21309,0,0.1,0,0,0,SWIFT,0,0,0,2,30,0.5,6,8,0.5,1.7,1.7,LOWE,___,5,2232,2818,2234,2821,1947,1947,0.872312,0.690916,0.871531,0.690181
../../data/cloud_overlap_1.pcd,../../data/cloud_overlap_1.pcd,21309,21309,0,0.1,0,0,0,SWIFT,0,0,0,2,30,0.5,6,8,0.7,1.7,1.7,LOWE,___,5,1337,1893,1339,1896,1179,1173,0.877337,0.619651,0.880508,0.621835
../../data/cloud_overlap_1.pcd,../../data/cloud_overlap_1.pcd,21309,21309,0,0.1,0,0,0,SWIFT,0,0,0,2,30,0.5,6,8,0.3,1.7,1.7,LOWE,___,5,3086,3405,3088,3409,2630,2598,0.841866,0.762996,0.851684,0.771487
../../data/cloud_overlap_1.pcd,../../data/cloud_overlap_1.pcd,21309,21309,0,0.1,0,0,0,SWIFT,0,0,0,2,30,0.5,6,9,0.5,1.7,1.7,LOWE,___,5,2420,2998,2423,3004,2421,2336,0.965289,0.779186,0.999175,0.805925
../../data/cloud_overlap_1.pcd,../../data/cloud_overlap_1.pcd,21309,21309,0,0.1,0,0,0,SWIFT,0,0,0,2,30,0.5,6,9,0.7,1.7,1.7,LOWE,___,5,1369,1745,1372,1748,1277,1276,0.932067,0.731232,0.930758,0.730549
../../data/cloud_overlap_1.pcd,../../data/cloud_overlap_1.pcd,21309,21309,0,0.1,0,0,0,SWIFT,0,0,0,2,30,0.5,6,9,0.3,1.7,1.7,LOWE,___,5,3592,4034,3595,4037,3298,3253,0.905624,0.806396,0.917385,0.816943
../../data/cloud_overlap_1.pcd,../../data/cloud_overlap_1.pcd,21309,21309,0,0.1,0,0,0,SWIFT,0,0,0,2,30,0.5,7,8,0.5,1.7,1.7,LOWE,___,5,2235,2767,2237,2769,2004,1893,0.84698,0.684134,0.895843,0.723727
../../data/cloud_overlap_1.pcd,../../data/cloud_overlap_1.pcd,21309,21309,0,0.1,0,0,0,SWIFT,0,0,0,2,30,0.5,7,8,0.7,1.7,1.7,LOWE,___,4,1340,1922,1342,1924,1240,1238,0.923881,0.644121,0.923994,0.644491
../../data/cloud_overlap_1.pcd,../../data/cloud_overlap_1.pcd,21309,21309,0,0.1,0,0,0,SWIFT,0,0,0,2,30,0.5,7,8,0.3,1.7,1.7,LOWE,___,5,3089,3490,3091,3496,2613,2545,0.823891,0.729226,0.845357,0.747426
../../data/cloud_overlap_1.pcd,../../data/cloud_overlap_1.pcd,21309,21309,0,0.1,0,0,0,SWIFT,0,0,0,2,30,0.5,7,9,0.5,1.7,1.7,LOWE,___,5,2423,2979,2426,2980,2309,2304,0.950887,0.773414,0.951772,0.774832
../../data/cloud_overlap_1.pcd,../../data/cloud_overlap_1.pcd,21309,21309,0,0.1,0,0,0,SWIFT,0,0,0,2,30,0.5,7,9,0.7,1.7,1.7,LOWE,___,4,1372,1867,1375,1869,1399,1323,0.964286,0.708623,1.01745,0.748529
../../data/cloud_overlap_1.pcd,../../data/cloud_overlap_1.pcd,21309,21309,0,0.1,0,0,0,SWIFT,0,0,0,2,30,0.5,7,9,0.3,1.7,1.7,LOWE,___,4,3595,4044,3598,4044,3399,3372,0.937969,0.833828,0.944691,0.840504
../../data/cloud_overlap_1.pcd,../../data/cloud_overlap_1.pcd,21309,21309,0,0.1,0,0,0,SWIFT,0,0,0,2,30,0.7,6,8,0.5,1.7,1.7,LOWE,___,3,1588,1832,1588,1834,1342,1342,0.845088,0.732533,0.845088,0.731734
../../data/cloud_overlap_1.pcd,../../data/cloud_overlap_1.pcd,21309,21309,0,0.1,0,0,0,SWIFT,0,0,0,2,30,0.7,6,8,0.7,1.7,1.7,LOWE,___,3,1035,1283,1035,1284,880,855,0.826087,0.666407,0.850242,0.685358
../../data/cloud_overlap_1.pcd,../../data/cloud_overlap_1.pcd,21309,21309,0,0.1,0,0,0,SWIFT,0,0,0,2,30,0.7,6,8,0.3,1.7,1.7,LOWE,___,4,2074,2263,2075,2266,1567,1567,0.755545,0.692444,0.755181,0.691527
../../data/cloud_overlap_1.pcd,../../data/cloud_overlap_1.pcd,21309,21309,0,0.1,0,0,0,SWIFT,0,0,0,2,30,0.7,6,9,0.5,1.7,1.7,LOWE,___,4,1709,2076,1710,2078,1621,1427,0.834991,0.68738,0.947953,0.780077
../../data/cloud_overlap_1.pcd,../../data/cloud_overlap_1.pcd,21309,21309,0,0.1,0,0,0,SWIFT,0,0,0,2,30,0.7,6,9,0.7,1.7,1.7,LOWE,___,4,1046,1238,1047,1240,921,903,0.863289,0.729402,0.879656,0.742742
../../data/cloud_overlap_1.pcd,../../data/cloud_overlap_1.pcd,21309,21309,0,0.1,0,0,0,SWIFT,0,0,0,2,30,0.7,6,9,0.3,1.7,1.7,LOWE,___,3,2392,2664,2393,2666,2083,2083,0.870819,0.781907,0.870455,0.78132
../../data/cloud_overlap_1.pcd,../../data/cloud_overlap_1.pcd,21309,21309,0,0.1,0,0,0,SWIFT,0,0,0,2,30,0.7,7,8,0.5,1.7,1.7,LOWE,___,3,1588,1817,1588,1818,1223,1190,0.74937,0.654926,0.770151,0.672717
../../data/cloud_overlap_1.pcd,../../data/cloud_overlap_1.pcd,21309,21309,0,0.1,0,0,0,SWIFT,0,0,0,2,30,0.7,7,8,0.7,1.7,1.7,LOWE,___,3,1035,1206,1035,1206,818,818,0.790338,0.678275,0.790338,0.678275
../../data/cloud_overlap_1.pcd,../../data/cloud_overlap_1.pcd,21309,21309,0,0.1,0,0,0,SWIFT,0,0,0,2,30,0.7,7,8,0.3,1.7,1.7,LOWE,___,3,2074,2269,2075,2274,1588,1588,0.76567,0.699868,0.765301,0.698329
../../data/cloud_overlap_1.pcd,../../data/cloud_overlap_1.pcd,21309,21309,0,0.1,0,0,0,SWIFT,0,0,0,2,30,0.7,7,9,0.5,1.7,1.7,LOWE,___,4,1709,2025,1710,2026,1622,1622,0.949093,0.800988,0.948538,0.800592
../../data/cloud_overlap_1.pcd,../../data/cloud_overlap_1.pcd,21309,21309,0,0.1,0,0,0,SWIFT,0,0,0,2,30,0.7,7,9,0.7,1.7,1.7,LOWE,___,4,1046,1260,1047,1261,900,897,0.857553,0.711905,0.859599,0.713719
../../data/cloud_overlap_1.pcd,../../data/cloud_overlap_1.pcd,21309,21309,0,0.1,0,0,0,SWIFT,0,0,0,2,30,0.7,7,9,0.3,1.7,1.7,LOWE,___,3,2392,2700,2393,2701,2026,2001,0.836538,0.741111,0.846636,0.750093
../../data/cloud_overlap_1.pcd,../../data/cloud_overlap_1.pcd,21309,21309,0,0.1,0,0,0,SWIFT,0,0,0,2,30,1.3,6,8,0.5,1.7,1.7,LOWE,___,2,622,607,622,607,360,360,0.578778,0.593081,0.578778,0.593081
../../data/cloud_overlap_1.pcd,../../data/cloud_overlap_1.pcd,21309,21309,0,0.1,0,0,0,SWIFT,0,0,0,2,30,1.3,6,8,0.7,1.7,1.7,LOWE,___,2,525,517,525,517,297,297,0.565714,0.574468,0.565714,0.574468
../../data/cloud_overlap_1.pcd,../../data/cloud_overlap_1.pcd,21309,21309,0,0.1,0,0,0,SWIFT,0,0,0,2,30,1.3,6,8,0.3,1.7,1.7,LOWE,___,2,734,766,734,766,403,403,0.549046,0.52611,0.549046,0.52611
../../data/cloud_overlap_1.pcd,../../data/cloud_overlap_1.pcd,21309,21309,0,0.1,0,0,0,SWIFT,0,0,0,2,30,1.3,6,9,0.5,1.7,1.7,LOWE,___,2,728,761,729,761,449,447,0.614011,0.587385,0.615912,0.590013
../../data/cloud_overlap_1.pcd,../../data/cloud_overlap_1.pcd,21309,21309,0,0.1,0,0,0,SWIFT,0,0,0,2,30,1.3,6,9,0.7,1.7,1.7,LOWE,___,2,613,620,614,620,390,390,0.636215,0.629032,0.635179,0.629032
../../data/cloud_overlap_1.pcd,../../data/cloud_overlap_1.pcd,21309,21309,0,0.1,0,0,0,SWIFT,0,0,0,2,30,1.3,6,9,0.3,1.7,1.7,LOWE,___,2,881,911,882,911,554,554,0.628831,0.608123,0.628118,0.608123
../../data/cloud_overlap_1.pcd,../../data/cloud_overlap_1.pcd,21309,21309,0,0.1,0,0,0,SWIFT,0,0,0,2,30,1.3,7,8,0.5,1.7,1.7,LOWE,___,2,622,628,622,628,377,377,0.606109,0.600318,0.606109,0.600318
../../data/cloud_overlap_1.pcd,../../data/cloud_overlap_1.pcd,21309,21309,0,0.1,0,0,0,SWIFT,0,0,0,2,30,1.3,7,8,0.7,1.7,1.7,LOWE,___,2,525,524,525,524,334,334,0.63619,0.637405,0.63619,0.637405
../../data/cloud_overlap_1.pcd,../../data/cloud_overlap_1.pcd,21309,21309,0,0.1,0,0,0,SWIFT,0,0,0,2,30,1.3,7,8,0.3,1.7,1.7,LOWE,___,2,734,773,734,773,486,486,0.662125,0.628719,0.662125,0.628719
../../data/cloud_overlap_1.pcd,../../data/cloud_overlap_1.pcd,21309,21309,0,0.1,0,0,0,SWIFT,0,0,0,2,30,1.3,7,9,0.5,1.7,1.7,LOWE,___,2,728,755,729,755,434,434,0.596154,0.574834,0.595336,0.574834
../../data/cloud_overlap_1.pcd,../../data/cloud_overlap_1.pcd,21309,21309,0,0.1,0,0,0,SWIFT,0,0,0,2,30,1.3,7,9,0.7,1.7,1.7,LOWE,___,2,613,621,614,621,370,370,0.603589,0.595813,0.602606,0.595813
../../data/cloud_overlap_1.pcd,../../data/cloud_overlap_1.pcd,21309,21309,0,0.1,0,0,0,SWIFT,0,0,0,2,30,1.3,7,9,0.3,1.7,1.7,LOWE,___,2,881,910,882,910,562,562,0.637911,0.617582,0.637188,0.617582
../../data/cloud_overlap_1.pcd,../../data/cloud_overlap_1.pcd,21309,21309,0,0.1,0,0,0,SWIFT,0,0,0,2,30,0.1,6,8,0.5,1.7,1.7,LOWE,___,6,3202,4366,3206,4368,3232,3019,0.942848,0.69148,1.00811,0.739927
../../data/cloud_overlap_1.pcd,../../data/cloud_overlap_1.pcd,21309,21309,0,0.1,0,0,0,SWIFT,0,0,0,2,30,0.1,6,8,0.7,1.7,1.7,LOWE,___,6,1753,2721,1757,2723,1786,1727,0.985168,0.634693,1.01651,0.655894
../../data/cloud_overlap_1.pcd,../../data/cloud_overlap_1.pcd,21309,21309,0,0.1,0,0,0,SWIFT,0,0,0,2,30,0.1,6,8,0.3,1.7,1.7,LOWE,___,6,4867,5587,4871,5590,4596,4483,0.921101,0.802398,0.943543,0.822182
../../data/cloud_overlap_1.pcd,../../data/cloud_overlap_1.pcd,21309,21309,0,0.1,0,0,0,SWIFT,0,0,0,2,30,0.1,6,9,0.5,1.7,1.7,LOWE,___,6,3227,4601,3230,4604,3800,3799,1.17725,0.82569,1.17647,0.825369
../../data/cloud_overlap_1.pcd,../../data/cloud_overlap_1.pcd,21309,21309,0,0.1,0,0,0,SWIFT,0,0,0,2,30,0.1,6,9,0.7,1.7,1.7,LOWE,___,7,1580,2691,1583,2696,1853,1831,1.15886,0.680416,1.17056,0.687315
../../data/cloud_overlap_1.pcd,../../data/cloud_overlap_1.pcd,21309,21309,0,0.1,0,0,0,SWIFT,0,0,0,2,30,0.1,6,9,0.3,1.7,1.7,LOWE,___,7,5377,6462,5380,6463,5916,5622,1.04556,0.870009,1.09963,0.915364
../../data/cloud_overlap_1.pcd,../../data/cloud_overlap_1.pcd,21309,21309,0,0.1,0,0,0,SWIFT,0,0,0,2,30,0.1,7,8,0.5,1.7,1.7,LOWE,___,6,3270,4336,3274,4338,3281,3280,1.00306,0.756458,1.00214,0.756339
../../data/cloud_overlap_1.pcd,../../data/cloud_overlap_1.pcd,21309,21309,0,0.1,0,0,0,SWIFT,0,0,0,2,30,0.1,7,8,0.7,1.7,1.7,LOWE,___,6,1821,2808,1825,2811,1862,1517,0.833059,0.540242,1.02027,0.662398
../../data/cloud_overlap_1.pcd,../../data/cloud_overlap_1.pcd,21309,21309,0,0.1,0,0,0,SWIFT,0,0,0,2,30,0.1,7,8,0.3,1.7,1.7,LOWE,___,6,4935,5730,4939,5732,4754,4608,0.933739,0.804188,0.962543,0.829379
../../data/cloud_overlap_1.pcd,../../data/cloud_overlap_1.pcd,21309,21309,0,0.1,0,0,0,SWIFT,0,0,0,2,30,0.1,7,9,0.5,1.7,1.7,LOWE,___,7,3300,4516,3303,4519,3620,3616,1.09576,0.800709,1.09597,0.801062
../../data/cloud_overlap_1.pcd,../../data/cloud_overlap_1.pcd,21309,21309,0,0.1,0,0,0,SWIFT,0,0,0,2,30,0.1,7,9,0.7,1.7,1.7,LOWE,___,7,1653,2643,1656,2646,1822,1821,1.10163,0.68899,1.10024,0.688587
../../data/cloud_overlap_1.pcd,../../data/cloud_overlap_1.pcd,21309,21309,0,0.1,0,0,0,SWIFT,0,0,0,2,30,0.1,7,9,0.3,1.7,1.7,LOWE,___,7,5450,6412,5453,6415,5962,5879,1.07872,0.916875,1.09334,0.929384
../../data/cloud_overlap_1.pcd,../../data/cloud_overlap_1.pcd,21309,21309,0,0.1,0,0,0,SWIFT,0,0,0,2,30,0.25,6,8,0.5,1.7,1.7,LOWE,___,6,3222,4249,3224,4250,3332,3219,0.999069,0.75759,1.0335,0.784
../../data/cloud_overlap_1.pcd,../../data/cloud_overlap_1.pcd,21309,21309,0,0.1,0,0,0,SWIFT,0,0,0,2,30,0.25,6,8,0.7,1.7,1.7,LOWE,___,5,1735,2827,1737,2827,1767,1706,0.983285,0.603467,1.01727,0.625044
../../data/cloud_overlap_1.pcd,../../data/cloud_overlap_1.pcd,21309,21309,0,0.1,0,0,0,SWIFT,0,0,0,2,30,0.25,6,8,0.3,1.7,1.7,LOWE,___,5,4803,5430,4805,5433,4818,4812,1.00187,0.886188,1.00271,0.886803
../../data/cloud_overlap_1.pcd,../../data/cloud_overlap_1.pcd,21309,21309,0,0.1,0,0,0,SWIFT,0,0,0,2,30,0.25,6,9,0.5,1.7,1.7,LOWE,___,6,3346,4607,3350,4610,3664,3366,1.00598,0.730627,1.09373,0.794794
../../data/cloud_overlap_1.pcd,../../data/cloud_overlap_1.pcd,21309,21309,0,0.1,0,0,0,SWIFT,0,0,0,2,30,0.25,6,9,0.7,1.7,1.7,LOWE,___,6,1684,2627,1688,2631,1805,1693,1.00534,0.644461,1.06931,0.686051
../../data/cloud_overlap_1.pcd,../../data/cloud_overlap_1.pcd,21309,21309,0,0.1,0,0,0,SWIFT,0,0,0,2,30,0.25,6,9,0.3,1.7,1.7,LOWE,___,6,5464,6369,5468,6371,6033,6033,1.10414,0.947244,1.10333,0.946947
../../data/cloud_overlap_1.pcd,../../data/cloud_overlap_1.pcd,21309,21309,0,0.1,0,0,0,SWIFT,0,0,0,2,30,0.25,7,8,0.5,1.7,1.7,LOWE,___,6,3228,4343,3230,4347,3369,3100,0.960347,0.713792,1.04303,0.775017
../../data/cloud_overlap_1.pcd,../../data/cloud_overlap_1.pcd,21309,21309,0,0.1,0,0,0,SWIFT,0,0,0,2,30,0.25,7,8,0.7,1.7,1.7,LOWE,___,5,1741,2790,1743,2793,1699,1581,0.908099,0.566667,0.974756,0.608306
../../data/cloud_overlap_1.pcd,../../data/cloud_overlap_1.pcd,21309,21309,0,0.1,0,0,0,SWIFT,0,0,0,2,30,0.25,7,8,0.3,1.7,1.7,LOWE,___,6,4809,5431,4811,5435,4501,4450,0.925348,0.81937,0.935564,0.828151
../../data/cloud_overlap_1.pcd,../../data/cloud_overlap_1.pcd,21309,21309,0,0.1,0,0,0,SWIFT,0,0,0,2,30,0.25,7,9,0.5,1.7,1.7,LOWE,___,6,3355,4676,3359,4679,3848,3555,1.05961,0.760265,1.14558,0.822398
../../data/cloud_overlap_1.pcd,../../data/cloud_overlap_1.pcd,21309,21309,0,0.1,0,0,0,SWIFT,0,0,0,2,30,0.25,7,9,0.7,1.7,1.7,LOWE,___,6,1693,2650,1697,2656,1765,1746,1.03131,0.658868,1.04007,0.664533
../../data/cloud_overlap_1.pcd,../../data/cloud_overlap_1.pcd,21309,21309,0,0.1,0,0,0,SWIFT,0,0,0,2,30,0.25,7,9,0.3,1.7,1.7,LOWE,___,6,5473,6289,5477,6294,5826,5741,1.04897,0.912864,1.06372,0.925643
../../data/cloud_overlap_1.pcd,../../data/cloud_overlap_1.pcd,21309,21309,0,0.1,0,0,0,SWIFT,0,0,0,2,30,0.5,6,8,0.5,1.7,1.7,LOWE,___,4,2232,2738,2234,2742,1940,1939,0.868728,0.708181,0.868397,0.707513
../../data/cloud_overlap_1.pcd,../../data/cloud_overlap_1.pcd,21309,21309,0,0.1,0,0,0,SWIFT,0,0,0,2,30,0.5,6,8,0.7,1.7,1.7,LOWE,___,4,1337,1894,1339,1897,1153,1145,0.856395,0.604541,0.86109,0.607802
../../data/cloud_overlap_1.pcd,../../data/cloud_overlap_1.pcd,21309,21309,0,0.1,0,0,0,SWIFT,0,0,0,2,30,0.5,6,8,0.3,1.7,1.7,LOWE,___,4,3086,3398,3088,3400,2552,2534,0.821128,0.745733,0.826425,0.750588
../../data/cloud_overlap_1.pcd,../../data/cloud_overlap_1.pcd,21309,21309,0,0.1,0,0,0,SWIFT,0,0,0,2,30,0.5,6,9,0.5,1.7,1.7,LOWE,___,4,2420,3034,2423,3038,2382,2354,0.972727,0.775873,0.983079,0.784068
../../data/cloud_overlap_1.pcd,../../data/cloud_overlap_1.pcd,21309,21309,0,0.1,0,0,0,SWIFT,0,0,0,2,30,0.5,6,9,0.7,1.7,1.7,LOWE,___,5,1369,1857,1372,1859,1357,1354,0.989043,0.729133,0.989067,0.729962
../../data/cloud_overlap_1.pcd,../../data/cloud_overlap_1.pcd,21309,21309,0,0.1,0,0,0,SWIFT,0,0,0,2,30,0.5,6,9,0.3,1.7,1.7,LOWE,___,4,3592,3980,3595,3981,3378,3315,0.922884,0.832915,0.939638,0.848531
../../data/cloud_overlap_1.pcd,../../data/cloud_overlap_1.pcd,21309,21309,0,0.1,0,0,0,SWIFT,0,0,0,2,30,0.5,7,8,0.5,1.7,1.7,LOWE,___,4,2235,2760,2237,2762,1938,1851,0.828188,0.670652,0.866339,0.701665
../../data/cloud_overlap_1.pcd,../../data/cloud_overlap_1.pcd,21309,21309,0,0.1,0,0,0,SWIFT,0,0,0,2,30,0.5,7,8,0.7,1.7,1.7,LOWE,___,4,1340,1889,1342,1893,1151,1100,0.820896,0.582319,0.857675,0.60803
../../data/cloud_overlap_1.pcd,../../data/cloud_overlap_1.pcd,21309,21309,0,0.1,0,0,0,SWIFT,0,0,0,2,30,0.5,7,8,0.3,1.7,1.7,LOWE,___,4,3089,3443,3091,3443,2621,2606,0.843639,0.756898,0.847946,0.761255
../../data/cloud_overlap_1.pcd,../../data/cloud_overlap_1.pcd,21309,21309,0,0.1,0,0,0,SWIFT,0,0,0,2,30,0.5,7,9,0.5,1.7,1.7,LOWE,___,6,2423,2997,2426,3000,2308,2220,0.91622,0.740741,0.95136,0.769333
../../data/cloud_overlap_1.pcd,../../data/cloud_overlap_1.pcd,21309,21309,0,0.1,0,0,0,SWIFT,0,0,0,2,30,0.5,7,9,0.7,1.7,1.7,LOWE,___,6,1372,1831,1375,1833,1257,1255,0.914723,0.685418,0.914182,0.685761
../../data/cloud_overlap_1.pcd,../../data/cloud_overlap_1.pcd,21309,21309,0,0.1,0,0,0,SWIFT,0,0,0,2,30,0.5,7,9,0.3,1.7,1.7,LOWE,___,6,3595,4014,3598,4018,3344,3314,0.921836,0.82561,0.929405,0.832255
../../data/cloud_overlap_1.pcd,../../data/cloud_overlap_1.pcd,21309,21309,0,0.1,0,0,0,SWIFT,0,0,0,2,30,0.7,6,8,0.5,1.7,1.7,LOWE,___,4,1588,1808,1588,1809,1315,1280,0.806045,0.707965,0.828086,0.726921
../../data/cloud_overlap_1.pcd,../../data/cloud_overlap_1.pcd,21309,21309,0,0.1,0,0,0,SWIFT,0,0,0,2,30,0.7,6,8,0.7,1.7,1.7,LOWE,___,3,1035,1244,1035,1245,836,828,0.8,0.665595,0.807729,0.671486
../../data/cloud_overlap_1.pcd,../../data/cloud_overlap_1.pcd,21309,21309,0,0.1,0,0,0,SWIFT,0,0,0,2,30,0.7,6,8,0.3,1.7,1.7,LOWE,___,3,2074,2291,2075,2292,1546,1520,0.732883,0.663466,0.74506,0.67452
../../data/cloud_overlap_1.pcd,../../data/cloud_overlap_1.pcd,21309,21309,0,0.1,0,0,0,SWIFT,0,0,0,2,30,0.7,6,9,0.5,1.7,1.7,LOWE,___,4,1709,2026,1710,2027,1540,1439,0.842013,0.710267,0.900585,0.759743
../../data/cloud_overlap_1.pcd,../../data/cloud_overlap_1.pcd,21309,21309,0,0.1,0,0,0,SWIFT,0,0,0,2,30,0.7,6,9,0.7,1.7,1.7,LOWE,___,3,1046,1239,1047,1239,908,904,0.864245,0.729621,0.86724,0.732849
../../data/cloud_overlap_1.pcd,../../data/cloud_overlap_1.pcd,21309,21309,0,0.1,0,0,0,SWIFT,0,0,0,2,30,0.7,6,9,0.3,1.7,1.7,LOWE,___,4,2392,2667,2393,2668,2152,2139,0.894231,0.802025,0.89929,0.806597
../../data/cloud_overlap_1.pcd,../../data/cloud_overlap_1.pcd,21309,21309,0,0.1,0,0,0,SWIFT,0,0,0,2,30,0.7,7,8,0.5,1.7,1.7,LOWE,___,3,1588,1840,1588,1840,1261,1250,0.787154,0.679348,0.794081,0.685326
../../data/cloud_overlap_1.pcd,../../data/cloud_overlap_1.pcd,21309,21309,0,0.1,0,0,0,SWIFT,0,0,0,2,30,0.7,7,8,0.7,1.7,1.7,LOWE,___,3,1035,1256,1035,1256,864,862,0.83285,0.686306,0.834783,0.687898
../../data/cloud_overlap_1.pcd,../../data/cloud_overlap_1.pcd,21309,21309,0,0.1,0,0,0,SWIFT,0,0,0,2,30,0.7,7,8,0.3,1.7,1.7,LOWE,___,3,2074,2286,2075,2287,1622,1622,0.782064,0.709536,0.781687,0.709226
../../data/cloud_overlap_1.pcd,../../data/cloud_overlap_1.pcd,21309,21309,0,0.1,0,0,0,SWIFT,0,0,0,2,30,0.7,7,9,0.5,1.7,1.7,LOWE,___,4,1709,2044,1710,2045,1510,1452,0.84962,0.710372,0.883041,0.738386
../../data/cloud_overlap_1.pcd,../../data/cloud_overlap_1.pcd,21309,21309,0,0.1,0,0,0,SWIFT,0,0,0,2,30,0.7,7,9,0.7,1.7,1.7,LOWE,___,3,1046,1231,1047,1232,869,869,0.830784,0.70593,0.82999,0.705357
../../data/cloud_overlap_1.pcd,../../data/cloud_overlap_1.pcd,21309,21309,0,0.1,0,0,0,SWIFT,0,0,0,2,30,0.7,7,9,0.3,1.7,1.7,LOWE,___,4,2392,2608,2393,2609,2000,1999,0.835702,0.766488,0.835771,0.766577
../../data/cloud_overlap_1.pcd,../../data/cloud_overlap_1.pcd,21309,21309,0,0.1,0,0,0,SWIFT,0,0,0,2,30,1.3,6,8,0.5,1.7,1.7,LOWE,___,2,622,601,622,601,354,354,0.569132,0.589018,0.569132,0.589018
../../data/cloud_overlap_1.pcd,../../data/cloud_overlap_1.pcd,21309,21309,0,0.1,0,0,0,SWIFT,0,0,0,2,30,1.3,6,8,0.7,1.7,1.7,LOWE,___,2,525,513,525,513,292,292,0.55619,0.569201,0.55619,0.569201
../../data/cloud_overlap_1.pcd,../../data/cloud_overlap_1.pcd,21309,21309,0,0.1,0,0,0,SWIFT,0,0,0,2,30,1.3,6,8,0.3,1.7,1.7,LOWE,___,2,734,740,734,740,406,406,0.553134,0.548649,0.553134,0.548649
../../data/cloud_overlap_1.pcd,../../data/cloud_overlap_1.pcd,21309,21309,0,0.1,0,0,0,SWIFT,0,0,0,2,30,1.3,6,9,0.5,1.7,1.7,LOWE,___,3,728,742,729,743,454,454,0.623626,0.61186,0.622771,0.611036
../../data/cloud_overlap_1.pcd,../../data/cloud_overlap_1.pcd,21309,21309,0,0.1,0,0,0,SWIFT,0,0,0,2,30,1.3,6,9,0.7,1.7,1.7,LOWE,___,2,613,624,614,624,367,367,0.598695,0.588141,0.59772,0.588141
../../data/cloud_overlap_1.pcd,../../data/cloud_overlap_1.pcd,21309,21309,0,0.1,0,0,0,SWIFT,0,0,0,2,30,1.3,6,9,0.3,1.7,1.7,LOWE,___,2,881,920,882,920,539,539,0.611805,0.58587,0.611111,0.58587
../../data/cloud_overlap_1.pcd,../../data/cloud_overlap_1.pcd,21309,21309,0,0.1,0,0,0,SWIFT,0,0,0,2,30,1.3,7,8,0.5,1.7,1.7,LOWE,___,2,622,629,622,629,374,373,0.599678,0.593005,0.601286,0.594595
../../data/cloud_overlap_1.pcd,../../data/cloud_overlap_1.pcd,21309,21309,0,0.1,0,0,0,SWIFT,0,0,0,2,30,1.3,7,8,0.7,1.7,1.7,LOWE,___,2,525,527,525,527,305,305,0.580952,0.578748,0.580952,0.578748
../../data/cloud_overlap_1.pcd,../../data/cloud_overlap_1.pcd,21309,21309,0,0.1,0,0,0,SWIFT,0,0,0,2,30,1.3,7,8,0.3,1.7,1.7,LOWE,___,2,734,750,734,750,438,438,0.59673,0.584,0.59673,0.584
../../data/cloud_overlap_1.pcd,../../data/cloud_overlap_1.pcd,21309,21309,0,0.1,0,0,0,SWIFT,0,0,0,2,30,1.3,7,9,0.5,1.7,1.7,LOWE,___,2,728,763,729,763,435,435,0.597527,0.570118,0.596708,0.570118
../../data/cloud_overlap_1.pcd,../../data/cloud_overlap_1.pcd,21309,21309,0,0.1,0,0,0,SWIFT,0,0,0,2,30,1.3,7,9,0.7,1.7,1.7,LOWE,___,2,613,607,614,607,387,387,0.631321,0.637562,0.630293,0.637562
../../data/cloud_overlap_1.pcd,../../data/cloud_overlap_1.pcd,21309,21309,0,0.1,0,0,0,SWIFT,0,0,0,2,30,1.3,7,9,0.3,1.7,1.7,LOWE,___,3,881,925,882,925,550,550,0.624291,0.594595,0.623583,0.594595
../../data/cloud_overlap_1.pcd,../../data/cloud_overlap_1.pcd,21309,21309,0,0.1,0,0,0,SWIFT,0,0,0,2,30,0.1,6,8,0.5,1.7,1.7,LOWE,___,6,3202,4300,3206,4304,3345,3058,0.955028,0.711163,1.04336,0.777184
../../data/cloud_overlap_1.pcd,../../data/cloud_overlap_1.pcd,21309,21309,0,0.1,0,0,0,SWIFT,0,0,0,2,30,0.1,6,8,0.7,1.7,1.7,LOWE,___,6,1753,2853,1757,2853,1826,1824,1.0405,0.639327,1.03927,0.640028
../../data/cloud_overlap_1.pcd,../../data/cloud_overlap_1.pcd,21309,21309,0,0.1,0,0,0,SWIFT,0,0,0,2,30,0.1,6,8,0.3,1.7,1.7,LOWE,___,6,4867,5525,4871,5531,4662,4581,0.941237,0.82914,0.957093,0.842886
../../data/cloud_overlap_1.pcd,../../data/cloud_overlap_1.pcd,21309,21309,0,0.1,0,0,0,SWIFT,0,0,0,2,30,0.1,6,9,0.5,1.7,1.7,LOWE,___,7,3227,4621,3230,4621,3671,3669,1.13697,0.793984,1.13653,0.794417
../../data/cloud_overlap_1.pcd,../../data/cloud_overlap_1.pcd,21309,21309,0,0.1,0,0,0,SWIFT,0,0,0,2,30,0.1,6,9,0.7,1.7,1.7,LOWE,___,7,1580,2616,1583,2619,1761,1690,1.06962,0.646024,1.11244,0.672394
../../data/cloud_overlap_1.pcd,../../data/cloud_overlap_1.pcd,21309,21309,0,0.1,0,0,0,SWIFT,0,0,0,2,30,0.1,6,9,0.3,1.7,1.7,LOWE,___,7,5377,6398,5380,6403,6015,5842,1.08648,0.913098,1.11803,0.939403
../../data/cloud_overlap_1.pcd,../../data/cloud_overlap_1.pcd,21309,21309,0,0.1,0,0,0,SWIFT,0,0,0,2,30,0.1,7,8,0.5,1.7,1.7,LOWE,___,6,3270,4323,3274,4324,3337,3333,1.01927,0.770992,1.01924,0.771739
../../data/cloud_overlap_1.pcd,../../data/cloud_overlap_1.pcd,21309,21309,0,0.1,0,0,0,SWIFT,0,0,0,2,30,0.1,7,8,0.7,1.7,1.7,LOWE,___,7,1821,2815,1825,2818,1757,1648,0.904997,0.585435,0.96274,0.623492
../../data/cloud_overlap_1.pcd,../../data/cloud_overlap_1.pcd,21309,21309,0,0.1,0,0,0,SWIFT,0,0,0,2,30,0.1,7,8,0.3,1.7,1.7,LOWE,___,7,4935,5602,4939,5606,4560,4547,0.921378,0.811674,0.923264,0.813414
../../data/cloud_overlap_1.pcd,../../data/cloud_overlap_1.pcd,21309,21309,0,0.1,0,0,0,SWIFT,0,0,0,2,30,0.1,7,9,0.5,1.7,1.7,LOWE,___,7,3300,4584,3303,4586,3715,3599,1.09061,0.785122,1.12474,0.810074
../../data/cloud_overlap_1.pcd,../../data/cloud_overlap_1.pcd,21309,21309,0,0.1,0,0,0,SWIFT,0,0,0,2,30,0.1,7,9,0.7,1.7,1.7,LOWE,___,7,1653,2670,1656,2675,1774,1770,1.07078,0.662921,1.07126,0.663178
../../data/cloud_overlap_1.pcd,../../data/cloud_overlap_1.pcd,21309,21309,0,0.1,0,0,0,SWIFT,0,0,0,2,30,0.1,7,9,0.3,1.7,1.7,LOWE,___,7,5450,6502,5453,6506,5993,5974,1.09615,0.918794,1.09903,0.92115
../../data/cloud_overlap_1.pcd,../../data/cloud_overlap_1.pcd,21309,21309,0,0.1,0,0,0,SWIFT,0,0,0,2,30,0.25,6,8,0.5,1.7,1.7,LOWE,___,5,3222,4323,3224,4323,3381,3374,1.04718,0.780477,1.0487,0.782096
../../data/cloud_overlap_1.pcd,../../data/cloud_overlap_1.pcd,21309,21309,0,0.1,0,0,0,SWIFT,0,0,0,2,30,0.25,6,8,0.7,1.7,1.7,LOWE,___,5,1735,2728,1737,2732,1742,1500,0.864553,0.549853,1.00288,0.637628
../../data/cloud_overlap_1.pcd,../../data/cloud_overlap_1.pcd,21309,21309,0,0.1,0,0,0,SWIFT,0,0,0,2,30,0.25,6,8,0.3,1.7,1.7,LOWE,___,5,4803,5379,4805,5382,4497,4372,0.910264,0.81279,0.9359,0.835563
../../data/cloud_overlap_1.pcd,../../data/cloud_overlap_1.pcd,21309,21309,0,0.1,0,0,0,SWIFT,0,0,0,2,30,0.25,6,9,0.5,1.7,1.7,LOWE,___,7,3346,4686,3350,4692,3748,3522,1.0526,0.751601,1.11881,0.798806
../../data/cloud_overlap_1.pcd,../../data/cloud_overlap_1.pcd,21309,21309,0,0.1,0,0,0,SWIFT,0,0,0,2,30,0.25,6,9,0.7,1.7,1.7,LOWE,___,7,1684,2630,1688,2633,1915,1697,1.00772,0.645247,1.13448,0.727307
../../data/cloud_overlap_1.pcd,../../data/cloud_overlap_1.pcd,21309,21309,0,0.1,0,0,0,SWIFT,0,0,0,2,30,0.25,6,9,0.3,1.7,1.7,LOWE,___,7,5464,6268,5468,6276,5984,5833,1.06753,0.9306,1.09437,0.953474
../../data/cloud_overlap_1.pcd,../../data/cloud_overlap_1.pcd,21309,21309,0,0.1,0,0,0,SWIFT,0,0,0,2,30,0.25,7,8,0.5,1.7,1.7,LOWE,___,6,3228,4338,3230,4341,3342,3342,1.03532,0.770401,1.03467,0.769869
../../data/cloud_overlap_1.pcd,../../data/cloud_overlap_1.pcd,21309,21309,0,0.1,0,0,0,SWIFT,0,0,0,2,30,0.25,7,8,0.7,1.7,1.7,LOWE,___,6,1741,2774,1743,2778,1746,1669,0.958644,0.601658,1.00172,0.62851
../../data/cloud_overlap_1.pcd,../../data/cloud_overlap_1.pcd,21309,21309,0,0.1,0,0,0,SWIFT,0,0,0,2,30,0.25,7,8,0.3,1.7,1.7,LOWE,___,6,4809,5447,4811,5449,4579,4543,0.944687,0.834037,0.951777,0.840338
../../data/cloud_overlap_1.pcd,../../data/cloud_overlap_1.pcd,21309,21309,0,0.1,0,0,0,SWIFT,0,0,0,2,30,0.25,7,9,0.5,1.7,1.7,LOWE,___,7,3355,4663,3359,4668,3828,3672,1.09449,0.787476,1.13962,0.820051
../../data/cloud_overlap_1.pcd,../../data/cloud_overlap_1.pcd,21309,21309,0,0.1,0,0,0,SWIFT,0,0,0,2,30,0.25,7,9,0.7,1.7,1.7,LOWE,___,6,1693,2669,1697,2670,1826,1811,1.0697,0.678531,1.07602,0.683895
../../data/cloud_overlap_1.pcd,../../data/cloud_overlap_1.pcd,21309,21309,0,0.1,0,0,0,SWIFT,0,0,0,2,30,0.25,7,9,0.3,1.7,1.7,LOWE,___,7,5473,6274,5477,6275,5956,5950,1.08716,0.948358,1.08746,0.949163
../../data/cloud_overlap_1.pcd,../../data/cloud_overlap_1.pcd,21309,21309,0,0.1,0,0,0,SWIFT,0,0,0,2,30,0.5,6,8,0.5,1.7,1.7,LOWE,___,4,2232,2757,2234,2761,1965,1955,0.875896,0.709104,0.879588,0.711699
../../data/cloud_overlap_1.pcd,../../data/cloud_overlap_1.pcd,21309,21309,0,0.1,0,0,0,SWIFT,0,0,0,2,30,0.5,6,8,0.7,1.7,1.7,LOWE,___,5,1337,1901,1339,1904,1200,1193,0.892296,0.627564,0.896191,0.630252
../../data/cloud_overlap_1.pcd,../../data/cloud_overlap_1.pcd,21309,21309,0,0.1,0,0,0,SWIFT,0,0,0,2,30,0.5,6,8,0.3,1.7,1.7,LOWE,___,5,3086,3403,3088,3407,2509,2496,0.808814,0.73347,0.8125,0.736425
../../data/cloud_overlap_1.pcd,../../data/cloud_overlap_1.pcd,21309,21309,0,0.1,0,0,0,SWIFT,0,0,0,2,30,0.5,6,9,0.5,1.7,1.7,LOWE,___,6,2420,3034,2423,3038,2365,2215,0.915289,0.730059,0.976063,0.778473
../../data/cloud_overlap_1.pcd,../../data/cloud_overlap_1.pcd,21309,21309,0,0.1,0,0,0,SWIFT,0,0,0,2,30,0.5,6,9,0.7,1.7,1.7,LOWE,___,5,1369,1856,1372,1856,1382,1381,1.00877,0.744073,1.00729,0.744612
../../data/cloud_overlap_1.pcd,../../data/cloud_overlap_1.pcd,21309,21309,0,0.1,0,0,0,SWIFT,0,0,0,2,30,0.5,6,9,0.3,1.7,1.7,LOWE,___,5,3592,4017,3595,4019,3536,3499,0.974109,0.871048,0.983588,0.879821
../../data/cloud_overlap_1.pcd,../../data/cloud_overlap_1.pcd,21309,21309,0,0.1,0,0,0,SWIFT,0,0,0,2,30,0.5,7,8,0.5,1.7,1.7,LOWE,___,4,2235,2758,2237,2760,2044,1956,0.875168,0.70921,0.913724,0.74058
../../data/cloud_overlap_1.pcd,../../data/cloud_overlap_1.pcd,21309,21309,0,0.1,0,0,0,SWIFT,0,0,0,2,30,0.5,7,8,0.7,1.7,1.7,LOWE,___,4,1340,1940,1342,1943,1215,1215,0.906716,0.626289,0.905365,0.625322
../../data/cloud_overlap_1.pcd,../../data/cloud_overlap_1.pcd,21309,21309,0,0.1,0,0,0,SWIFT,0,0,0,2,30,0.5,7,8,0.3,1.7,1.7,LOWE,___,5,3089,3358,3091,3362,2516,2500,0.809323,0.744491,0.813976,0.748364
../../data/cloud_overlap_1.pcd,../../data/cloud_overlap_1.pcd,21309,21309,0,0.1,0,0,0,SWIFT,0,0,0,2,30,0.5,7,9,0.5,1.7,1.7,LOWE,___,5,2423,3065,2426,3068,2388,2387,0.985142,0.778793,0.984336,0.778357
../../data/cloud_overlap_1.pcd,../../data/cloud_overlap_1.pcd,21309,21309,0,0.1,0,0,0,SWIFT,0,0,0,2,30,0.5,7,9,0.7,1.7,1.7,LOWE,___,5,1372,1854,1375,1857,1273,1264,0.921283,0.681769,0.925818,0.685514
../../data/cloud_overlap_1.pcd,../../data/cloud_overlap_1.pcd,21309,21309,0,0.1,0,0,0,SWIFT,0,0,0,2,30,0.5,7,9,0.3,1.7,1.7,LOWE,___,5,3595,3929,3598,3932,3259,3255,0.905424,0.828455,0.905781,0.82884
../../data/cloud_overlap_1.pcd,../../data/cloud_overlap_1.pcd,21309,21309,0,0.1,0,0,0,SWIFT,0,0,0,2,30,0.7,6,8,0.5,1.7,1.7,LOWE,___,3,1588,1868,1588,1868,1275,1275,0.802897,0.682548,0.802897,0.682548
../../data/cloud_overlap_1.pcd,../../data/cloud_overlap_1.pcd,21309,21309,0,0.1,0,0,0,SWIFT,0,0,0,2,30,0.7,6,8,0.7,1.7,1.7,LOWE,___,4,1035,1223,1035,1223,762,750,0.724638,0.613246,0.736232,0.623058
../../data/cloud_overlap_1.pcd,../../data/cloud_overlap_1.pcd,21309,21309,0,0.1,0,0,0,SWIFT,0,0,0,2,30,0.7,6,8,0.3,1.7,1.7,LOWE,___,3,2074,2264,2075,2264,1527,1527,0.736258,0.67447,0.735904,0.67447
../../data/cloud_overlap_1.pcd,../../data/cloud_overlap_1.pcd,21309,21309,0,0.1,0,0,0,SWIFT,0,0,0,2,30,0.7,6,9,0.5,1.7,1.7,LOWE,___,4,1709,2022,1710,2024,1557,1537,0.899356,0.760138,0.910526,0.769269
../../data/cloud_overlap_1.pcd,../../data/cloud_overlap_1.pcd,21309,21309,0,0.1,0,0,0,SWIFT,0,0,0,2,30,0.7,6,9,0.7,1.7,1.7,LOWE,___,3,1046,1247,1047,1247,890,890,0.85086,0.713713,0.850048,0.713713
../../data/cloud_overlap_1.pcd,../../data/cloud_overlap_1.pcd,21309,21309,0,0.1,0,0,0,SWIFT,0,0,0,2,30,0.7,6,9,0.3,1.7,1.7,LOWE,___,4,2392,2636,2393,2636,1991,1990,0.83194,0.754932,0.83201,0.755311
../../data/cloud_overlap_1.pcd,../../data/cloud_overlap_1.pcd,21309,21309,0,0.1,0,0,0,SWIFT,0,0,0,2,30,0.7,7,8,0.5,1.7,1.7,LOWE,___,3,1588,1810,1588,1811,1228,1218,0.767003,0.672928,0.7733,0.678078
../../data/cloud_overlap_1.pcd,../../data/cloud_overlap_1.pcd,21309,21309,0,0.1,0,0,0,SWIFT,0,0,0,2,30,0.7,7,8,0.7,1.7,1.7,LOWE,___,4,1035,1244,1035,1245,812,795,0.768116,0.639068,0.784541,0.652209
../../data/cloud_overlap_1.pcd,../../data/cloud_overlap_1.pcd,21309,21309,0,0.1,0,0,0,SWIFT,0,0,0,2,30,0.7,7,8,0.3,1.7,1.7,LOWE,___,3,2074,2312,2075,2315,1601,1601,0.771938,0.692474,0.771566,0.691577
../../data/cloud_overlap_1.pcd,../../data/cloud_overlap_1.pcd,21309,21309,0,0.1,0,0,0,SWIFT,0,0,0,2,30,0.7,7,9,0.5,1.7,1.7,LOWE,___,4,1709,1970,1710,1970,1515,1493,0.87361,0.757868,0.885965,0.769036
../../data/cloud_overlap_1.pcd,../../data/cloud_overlap_1.pcd,21309,21309,0,0.1,0,0,0,SWIFT,0,0,0,2,30,0.7,7,9,0.7,1.7,1.7,LOWE,___,3,1046,1233,1047,1233,886,880,0.8413,0.713706,0.846227,0.718573
../../data/cloud_overlap_1.pcd,../../data/cloud_overlap_1.pcd,21309,21309,0,0.1,0,0,0,SWIFT,0,0,0,2,30,0.7,7,9,0.3,1.7,1.7,LOWE,___,4,2392,2616,2393,2617,2056,2056,0.859532,0.785933,0.859173,0.785632
../../data/cloud_overlap_1.pcd,../../data/cloud_overlap_1.pcd,21309,21309,0,0.1,0,0,0,SWIFT,0,0,0,2,30,1.3,6,8,0.5,1.7,1.7,LOWE,___,2,622,623,622,623,353,353,0.567524,0.566613,0.567524,0.566613
../../data/cloud_overlap_1.pcd,../../data/cloud_overlap_1.pcd,21309,21309,0,0.1,0,0,0,SWIFT,0,0,0,2,30,1.3,6,8,0.7,1.7,1.7,LOWE,___,2,525,518,525,518,284,284,0.540952,0.548263,0.540952,0.548263
../../data/cloud_overlap_1.pcd,../../data/cloud_overlap_1.pcd,21309,21309,0,0.1,0,0,0,SWIFT,0,0,0,2,30,1.3,6,8,0.3,1.7,1.7,LOWE,___,2,734,721,734,721,391,391,0.532698,0.542302,0.532698,0.542302
../../data/cloud_overlap_1.pcd,../../data/cloud_overlap_1.pcd,21309,21309,0,0.1,0,0,0,SWIFT,0,0,0,2,30,1.3,6,9,0.5,1.7,1.7,LOWE,___,2,728,774,729,775,487,487,0.668956,0.629199,0.668038,0.628387
../../data/cloud_overlap_1.pcd,../../data/cloud_overlap_1.pcd,21309,21309,0,0.1,0,0,0,SWIFT,0,0,0,2,30,1.3,6,9,0.7,1.7,1.7,LOWE,___,2,613,607,614,608,388,387,0.631321,0.637562,0.631922,0.638158
../../data/cloud_overlap_1.pcd,../../data/cloud_overlap_1.pcd,21309,21309,0,0.1,0,0,0,SWIFT,0,0,0,2,30,1.3,6,9,0.3,1.7,1.7,LOWE,___,2,881,914,882,914,568,568,0.644722,0.621444,0.643991,0.621444
../../data/cloud_overlap_1.pcd,../../data/cloud_overlap_1.pcd,21309,21309,0,0.1,0,0,0,SWIFT,0,0,0,2,30,1.3,7,8,0.5,1.7,1.7,LOWE,___,2,622,636,622,637,384,384,0.617363,0.603774,0.617363,0.602826
../../data/cloud_overlap_1.pcd,../../data/cloud_overlap_1.pcd,21309,21309,0,0.1,0,0,0,SWIFT,0,0,0,2,30,1.3,7,8,0.7,1.7,1.7,LOWE,___,1,525,510,525,510,334,334,0.63619,0.654902,0.63619,0.654902
../../data/cloud_overlap_1.pcd,../../data/cloud_overlap_1.pcd,21309,21309,0,0.1,0,0,0,SWIFT,0,0,0,2,30,1.3,7,8,0.3,1.7,1.7,LOWE,___,2,734,797,734,797,422,422,0.574932,0.529486,0.574932,0.529486
../../data/cloud_overlap_1.pcd,../../data/cloud_overlap_1.pcd,21309,21309,0,0.1,0,0,0,SWIFT,0,0,0,2,30,1.3,7,9,0.5,1.7,1.7,LOWE,___,2,728,722,729,723,445,444,0.60989,0.614958,0.610425,0.615491
../../data/cloud_overlap_1.pcd,../../data/cloud_overlap_1.pcd,21309,21309,0,0.1,0,0,0,SWIFT,0,0,0,2,30,1.3,7,9,0.7,1.7,1.7,LOWE,___,2,613,642,614,642,387,387,0.631321,0.602804,0.630293,0.602804
../../data/cloud_overlap_1.pcd,../../data/cloud_overlap_1.pcd,21309,21309,0,0.1,0,0,0,SWIFT,0,0,0,2,30,1.3,7,9,0.3,1.7,1.7,LOWE,___,2,881,940,882,940,490,490,0.556186,0.521277,0.555556,0.521277
